"1","Contains data from datos/ehpm_2019.dta
 Observations:        74,448                  
    Variables:           816                  
-------------------------------------------------------------------------------
Variable      Storage   Display    Value
    name         type    format    label      Variable label
-------------------------------------------------------------------------------
r421a           byte    %8.0g                 rango de nÃºmero de personas de la
                                                empresa o negocio en el que
                                                trabaja
edicion         int     %8.0g                 aÃ±o de levantamiento
lote            int     %8.0g                 lote
tipo            byte    %8.0g      tipo       tipo
folio           float   %9.0g                 folio
viv             byte    %8.0g      viv        vivienda
r101            byte    %8.0g                 nÃºmero de orden
idboleta        long    %12.0g                identificador de hogar
fac00           float   %9.0g                 factor de expansiÃ³n
area            byte    %8.0g      area       Ãrea geogrÃ¡fica
region          byte    %8.0g      region     regiÃ³n geogrÃ¡fica
correlativo     int     %8.0g                 correlativo
municauto       byte    %8.0g                 municipios autorrepresentados
estratoarea     int     %8.0g      estratoarea
                                              estratos
codigomunic     int     %8.0g      codigomunic
                                              cÃ³digos municipales
autorrepresen~o byte    %8.0g                 municipio autorrepresentado
znorte          byte    %8.0g                 zona norte
r004            byte    %8.0g      r004       cÃ³digo de departamento
r005            byte    %8.0g                 cÃ³digo de municipio
r006            byte    %8.0g                 cÃ³digo de cantÃ³n
r015            byte    %8.0g      r015       mes de levantamiento
r017            byte    %8.0g      r017       resultado final de la entrevista
r018            byte    %8.0g                 nÃºmero de orden del principal
                                                informante
r019            byte    %8.0g      r019       entrevista con boleta anexa
r020            byte    %8.0g      r020       confiabilidad de la informaciÃ³n
r021a           byte    %8.0g                 nÃºmero de miembros del hogar
r021b           byte    %8.0g                 personas de 4 aÃ±os y mÃ¡s del
                                                hogar
r022            byte    %8.0g                 personas de 5 aÃ±os y mÃ¡s del
                                                hogar
r023            byte    %8.0g                 personas con trabajo agropecuario
                                                del hogar
r024            byte    %8.0g                 personas que se enfermaron del
                                                hogar
r027            byte    %8.0g                 personas que utilizan internet
                                                del hogar
r033            byte    %8.0g                 personas de 4 aÃ±os y mÃ¡s del
                                                hogar
r034            byte    %8.0g                 personas de 5 aÃ±os y mÃ¡s del
                                                hogar
r035            byte    %8.0g                 personas con trabajo agropecuario
                                                del hogar
r035a           byte    %8.0g                 personas con producciÃ³n de patio
                                                del hogar
r036            byte    %8.0g                 personas que se enfermaron del
                                                hogar
r038            byte    %8.0g      r038       boleta con secciÃ³n de subsidios
r042            byte    %8.0g      r042       boleta con secciÃ³n de subsidios
r04a            byte    %8.0g                 personas con producciÃ³n de patio
                                                del hogar
actpr           byte    %8.0g      actpr      estado ocupacional
actpr2012       byte    %8.0g      actpr2012
                                              estado ocupacional agregado
actse           byte    %8.0g      actse      estado ocupacional urbano
aproba1         byte    %8.0g                 nÃºmero de grados aprobados
ciuo414         byte    %8.0g      ciuo414    grupo ocupacional (ciuo 08)
ciiu416         byte    %8.0g      ciiu416    rama de actividad econÃ³mica (ciiu
                                                rev. 4)
ciuo436         byte    %8.0g      ciuo436    grupo ocupacional (ciuo 08)
ciiu438         byte    %8.0g      ciiu438    rama de actividad econÃ³mica (ciiu
                                                rev. 4)
d411b           byte    %8.0g                 nÃºmero de dÃ­as trabajados la
                                                semana anterior
d412b           byte    %8.0g                 nÃºmero de dÃ­as habituales
                                                trabajados en la semana
gasper          float   %9.0g                 gasto percÃ¡pita del hogar
gastohog        float   %9.0g                 gasto total del hogar
ghali           float   %9.0g                 gasto del hogar en alimentaciÃ³n
ghu12           float   %9.0g                 gasto del hogar en artÃ­culos y
                                                servicios en los Ãºltimos 12
                                                meses
gmed            float   %9.0g                 gasto del hogar en educaciÃ³n
gmem            float   %9.0g                 gasto del hogar en empleo
gmsa            float   %9.0g                 gasto del hogar en salud
gmvi            float   %9.0g                 gasto del hogar en vivienda
gtmh            float   %9.0g                 gasto del hogar en alimentaciÃ³n y
                                                otros artÃ­culos (total secciÃ³n
                                                8)
h411a           byte    %8.0g                 horas trabajadas la semana
                                                anterior
h412a           byte    %8.0g                 horas habituales trabajadas en la
                                                semana
imeds           float   %9.0g                 ingreso por empleo dependiente
imei            float   %9.0g                 ingreso por empleo independiente
imes            float   %9.0g                 ingreso por empleo secundario
imnl            float   %9.0g                 ingreso por actividades no
                                                laborales
ingfa           float   %9.0g                 ingreso total del hogar
ingneto         float   %9.0g                 ingreso neto por actividades
                                                agropecuarias
ingpe           float   %9.0g                 ingreso percÃ¡pita del hogar
ingre           float   %9.0g                 ingreso total (persona)
irefa           float   %9.0g                 ingreso del hogar por remesas
                                                monetarias
irefa1          float   %9.0g                 ingreso del hogar por remesas en
                                                efectivo
irefb           float   %9.0g                 ingreso del hogar por remesas
                                                eventuales
irefb1          float   %9.0g                 ingreso del hogar por
                                                transferencias bancarias
ires            float   %9.0g                 ingreso del hogar por remesas en
                                                especie
miemh           byte    %8.0g                 nÃºmero de miembros del hogar
miemh_exdomes~o byte    %8.0g                 nÃºmero de miembros del hogar
                                                excluyendo servicio domÃ©stico
money           float   %9.0g                 ingreso por trabajo dependiente o
                                                empleo independiente
oia             float   %9.0g                 otros ingresos
oimed           float   %9.0g                 otros ingresos por trabajo
                                                dependiente
pobreza         byte    %8.0g      pobreza    condiciÃ³n de pobreza del hogar
segm            byte    %8.0g      segm       segmentaciÃ³n del mercado laboral
                                                urbano
totayuda        float   %9.0g                 ingreso del hogar en remesas
                                                monetarias y no monetarias
r01a            byte    %8.0g      r01a       tiene el hogar algÃºn miembro en
                                                el extranjero
r01b            byte    %8.0g                 total de miembros en el
                                                extranjero
r01c            byte    %8.0g                 hombres en el extranjero
r01d            byte    %8.0g                 mujeres en el extranjero
r01e            byte    %8.0g                 tiempo en el extranjero del mÃ¡s
                                                reciente
r01f_a          int     %8.0g      r01f_a     paÃ­s de residencia de los
                                                miembros en el extranjero
r01f_b          int     %8.0g      r01f_b     paÃ­s de residencia de los
                                                miembros en el extranjero
r01f_c          int     %8.0g      r01f_c     paÃ­s de residencia de los
                                                miembros en el extranjero
r01f_d          byte    %8.0g      r01f_d     paÃ­s de residencia de los
                                                miembros en el extranjero
r01otr          byte    %8.0g                 otro paÃ­s de residencia
r02a            byte    %8.0g      r02a       tiene el hogar pupilos
r02b            byte    %8.0g                 total de pupilos
r02c            byte    %8.0g                 hombres pupilos
r02d            byte    %8.0g                 mujeres pupilas
r03             byte    %8.0g      r03        realizÃ³ el hogar viajes
                                                turÃ­sticos
r0401           byte    %8.0g                 viajes con pernoctaciÃ³n
r0402           byte    %8.0g                 viajes de un dÃ­a
r0501           float   %9.0g      r0501      gasto en viajes con pernoctaciÃ³n
r0502           int     %8.0g      r0502      gasto en viajes de un dÃ­a
r06             byte    %8.0g      r06        hay menores de edad cuyos padres
                                                no viven en el hogar
r06a            byte    %8.0g      r06a       ausencia por muerte
r06b            byte    %8.0g      r06b       ausencia por migraciÃ³n
r06c            byte    %8.0g      r06c       ausencia por abandono
r06otr          byte    %8.0g                 ausencia por otra razÃ³n
r103            byte    %8.0g      r103       relaciÃ³n de parentesco
r103otr         byte    %8.0g                 otra relaciÃ³n de parentesco
r104            byte    %8.0g      r104       sexo
r105m           byte    %8.0g      r105m      mes de nacimiento
r105a           int     %8.0g                 aÃ±o de nacimiento
r106            byte    %8.0g                 edad en aÃ±os cumplidos
r107            byte    %8.0g      r107       estado familiar
r108a           byte    %8.0g                 nÃºmero de orden del padre
                                                (menores de edad)
r108b           byte    %8.0g                 numero de orden de la madre
                                                (menores de edad)
r201a           byte    %8.0g      r201a      asiste a un centro de educaciÃ³n
                                                inicial (menores de 4 aÃ±os)
r202a           byte    %8.0g      r202a      sabe leer y escribir
r202b           byte    %8.0g      r202b      donde aprendiÃ³ a leer y escribir
r202botr        byte    %8.0g                 otro lugar donde aprendiÃ³ a leer
                                                y escribir
r203            byte    %8.0g      r203       estudia actualmente
r204            byte    %8.0g      r204       nivel que cursa actualmente
r204otr         byte    %8.0g                 otro nivel que cursa actualmente
r204g           byte    %8.0g                 grado que cursa actualmente
r205            byte    %8.0g      r205       jornada de estudios
r206a           byte    %8.0g      r206a      estÃ¡ repitiendo el grado que
                                                cursa
r206b           byte    %8.0g                 nÃºmero de veces que ha repetido
                                                el grado que cursa
r207            byte    %8.0g      r207       razÃ³n por la que estÃ¡ repitiendo
                                                el grado
r207otr         byte    %8.0g                 otra razÃ³n por la que estÃ¡
                                                repitiendo el grado
r208            byte    %8.0g      r208       razÃ³n por la que abandonÃ³ o
                                                reprobÃ³ el grado
r208otr         byte    %8.0g                 otra razÃ³n por la que abandonÃ³ o
                                                reprobÃ³ el grado
r209            byte    %8.0g      r209       estudiÃ³ la parvularia
r210a           byte    %8.0g      r210a      tipo de centro de enseÃ±anza al
                                                que asiste
r210b           byte    %8.0g      r210b      tiene el centro de enseÃ±anza
                                                centro de cÃ³mputo o aula
                                                informÃ¡tica
r210c           byte    %8.0g      r210c      tiene el centro de enseÃ±anza
                                                biblioteca
r211a           byte    %8.0g      r211a      recibe gratis del centro de
                                                enseÃ±anza asistencia mÃ©dica
r211b           byte    %8.0g      r211b      recibe gratis del centro de
                                                enseÃ±anza alimentos
r211c           byte    %8.0g      r211c      recibe gratis del centro de
                                                enseÃ±anza textos
r211d           byte    %8.0g      r211d      recibe gratis del centro de
                                                enseÃ±anza beca para matrÃ­cula
r211e           byte    %8.0g      r211e      recibe gratis del centro de
                                                enseÃ±anza beca de cuota escolar
r211f           byte    %8.0g      r211f      recibe gratis del centro de
                                                enseÃ±anza zapatos
r211g           byte    %8.0g      r211g      recibe gratis del centro de
                                                enseÃ±anza Ãºtiles escolares
r211h           byte    %8.0g      r211h      recibe gratis del centro de
                                                enseÃ±anza uniformes
r212            byte    %8.0g      r212       se matriculÃ³ durante el aÃ±o
                                                lectivo
r213            byte    %8.0g      r213       ha asistido alguna vez a algÃºn
                                                centro de enseÃ±anza
r214            byte    %8.0g      r214       tipo de centro de enseÃ±anza al
                                                que asistiÃ³
r215a           byte    %8.0g      r215a      Ãšltimo nivel cursado y aprobado
r215otr         byte    %8.0g                 otro nivel cursado y aprobado
r215b           byte    %8.0g                 Ãšltimo grado cursado y aprobado
r216a           byte    %8.0g      r216a      repitiÃ³ el Ãºltimo grado que
                                                aprobÃ³
r216b           byte    %8.0g                 nÃºmero de veces que repitiÃ³ el
                                                Ãºltimo grado que aprobÃ³
r217            byte    %8.0g      r217       tÃ­tulo o diploma que obtuvo en el
                                                nivel mÃ¡s alto que aprobÃ³
r217otro        byte    %8.0g                 otro tÃ­tulo o diploma que obtuvo
                                                en el nivel mÃ¡s alto que aprobÃ³
r218            byte    %8.0g      r218       carrera en la cual se graduÃ³ de
                                                pregrado o postgrado
r218otr         byte    %8.0g                 otra carrera en la cual se graduÃ³
                                                de pregrado o postgrado
r219            byte    %8.0g      r219       razÃ³n por la que no estudia
                                                actualmente
r219otr         byte    %8.0g                 otra razÃ³n por la que no estudia
                                                actualmente
r220a1          byte    %8.0g      r220a1     gastÃ³ en matrÃ­cula
r220a2          float   %9.0g                 monto anual gastado en matrÃ­cula
r220b1          byte    %8.0g      r220b1     gastÃ³ en Ãºtiles
r220b2          float   %9.0g                 monto anual gastado en Ãºtiles
r220c1          byte    %8.0g      r220c1     gastÃ³ en uniformes
r220c2          float   %9.0g                 monto anual gastado en uniformes
r220d1          byte    %8.0g      r220d1     gastÃ³ en textos
r220d2          float   %9.0g                 monto anual gastado en textos
r220e1          byte    %8.0g      r220e1     gastÃ³ en calzado escolar
r220e2          float   %9.0g                 monto anual gastado en calzado
                                                escolar
r220f1          byte    %8.0g      r220f1     gastÃ³ en cuota de padres de
                                                familia
r220f2          float   %9.0g                 monto anual en cuota de padres de
                                                familia
r221a1          byte    %8.0g      r221a1     gastÃ³ en cuota escolar
r221a2          float   %9.0g                 monto mensual en cuota escolar
r221b1          byte    %8.0g      r221b1     gastÃ³ en transporte
r221b2          float   %9.0g                 monto mensual en transporte
r221c1          byte    %8.0g      r221c1     gastÃ³ en refrigerio
r221c2          float   %9.0g                 monto mensual en refrigerio
r221d1          byte    %8.0g      r221d1     tuvo otros gastos escolares
r221d2          float   %9.0g                 monto mensual en otros gastos
gasto_mat_ini~n float   %9.0g                 monto anual gastado en educaciÃ³n
                                                el aÃ±o anterior para este aÃ±o
r301            byte    %8.0g      r301       tipo de vivienda
r301otr         byte    %8.0g                 otro tipo de vivienda
r301b           byte    %8.0g                 nÃºmero de pisos (concominio)
r301c           byte    %8.0g      r301c      vivienda en buen estado
r302            byte    %8.0g      r302       material predominante en el techo
r302otr         byte    %8.0g                 otro material predominante en el
                                                techo
r302b           byte    %8.0g      r302b      techo en buen estado
r303            byte    %8.0g      r303       material predominante en las
                                                paredes
r303otr         byte    %8.0g                 otro material predominante en las
                                                paredes
r303b           byte    %8.0g      r303b      paredes en buen estado
r304            byte    %8.0g      r304       material predominante en el piso
r304otr         byte    %8.0g                 otro material predominante en el
                                                piso
r305            byte    %8.0g                 habitaciones de uso exclusivo del
                                                hogar
r306            byte    %8.0g                 habitaciones utilizadas
                                                exclusivamente como dormitorios
r307            byte    %8.0g                 habitaciones utilizadas
                                                exclusivamente para trabajar o
                                                para negocio
r308            float   %9.0g      r308       forma de tenencia de la vivienda
r308otr         byte    %8.0g                 otra forma de tenencia de la
                                                vivienda
r308b           byte    %8.0g                 nÃºmero de orden del propietario
r308c           float   %9.0g                 cuota mensual (alquiler o pago a
                                                plazos)
r309            byte    %8.0g      r309       paga con algÃºn bien o servicio el
                                                uso de la vivienda
r310            int     %8.0g                 valor que tendrÃ­an los bienes o
                                                servicios pagados
r310a           float   %9.0g                 valor que pagarÃ­a por mes si
                                                tuviera que alquilar la
                                                vivienda
r310b           byte    %8.0g      r310b      estÃ¡ el terreno inscrito en el
                                                cnr a nombre de algÃºn miembro
                                                del hogar
r310_01         byte    %8.0g                 nÃºmero de orden del propietario
                                                del terreno
r311            byte    %8.0g      r311       tipo de alumbrado de la vivienda
r311otr         byte    %8.0g                 otro tipo de alumbrado de la
                                                vivienda
r312            float   %9.0g      r312       tiene la vivienda servicio de
                                                agua por caÃ±erÃ­a
r312d           byte    %8.0g                 dÃ­as de la Ãºltima semana que le
                                                cayÃ³ agua
r312h           byte    %8.0g                 horas al dÃ­a de la Ãºltima semana
                                                que le cayo agua
r313            float   %9.0g      r313       forma de abastecimiento de agua
                                                de la vivienda
r313otr         byte    %8.0g                 otra forma de abastecimiento de
                                                agua de la vivienda
r314            byte    %8.0g      r314       servicio de baÃ±o de la vivienda
r314otr         byte    %8.0g                 otro servicio de baÃ±o de la
                                                vivienda
r315a           byte    %8.0g      r315a      tiene servicio sanitario la
                                                vivienda
r316            byte    %8.0g      r316       tiene acceso a servicio sanitario
r317            byte    %8.0g      r317       tipo de servicio sanitario que
                                                utiliza
r318            byte    %8.0g      r318       comparte el servicio sanitario
                                                con otros hogares
r318_1          byte    %8.0g                 nÃºmero de hogares que utilizan el
                                                servicio sanitario
r319a           byte    %8.0g      r319a      forma en la que se deshacen de
                                                las excretas
r319b           byte    %8.0g      r319b      forma en la que se deshacen de
                                                las excretas
r319c           byte    %8.0g      r319c      forma en la que se deshacen de
                                                las excretas
r319otr         byte    %8.0g                 otra forma en la que se deshacen
                                                de las excretas
r320            byte    %8.0g      r320       forma en la que se deshacen de
                                                las aguas grises
r320otr         byte    %8.0g                 otra forma en la que se deshacen
                                                de las aguas grises
r321a1          byte    %8.0g      r321a1     recibe el hogar subsidio de gas
r321a2          byte    %8.0g      r321a2     recibe el hogar subsidio de
                                                energÃ­a elÃ©ctrica
r321a3          byte    %8.0g      r321a3     recibe el hogar bonos comunidades
                                                solidarias rurales
r321a4          byte    %8.0g      r321a4     recibe el hogar bonos comunidades
                                                solidarias urbanas
r321a5          byte    %8.0g      r321a5     recibe el hogar pensiÃ³n bÃ¡sica
                                                universal
r321a6          byte    %8.0g      r321a6     recibe el hogar subsidio de agua
r321a7          byte    %8.0g      r321a7     recibe el hogar otro beneficio
r321a8          byte    %8.0g      r321a8     recibe el hogar paquete agrÃ­cola
r321aotr        byte    %8.0g                 otro beneficio que recibe el
                                                hogar
r322            byte    %8.0g      r322       combustible utilizado
                                                predominantemente para cocinar
r322otr         byte    %8.0g                 otro combustible utilizado
                                                predominantemente para cocinar
r323            byte    %8.0g      r323       tiene servicio domÃ©stico
r323b           float   %9.0g                 pago mensual por el servicio
                                                domÃ©stico
r3241a          byte    %8.0g      r3241a     tiene el hogar telÃ©fono fijo
r3241b          byte    %8.0g                 nÃºmero de telÃ©fonos fijos
r3242a          byte    %8.0g      r3242a     tiene el hogar telÃ©fono celular
r3242b          byte    %8.0g                 nÃºmero de telÃ©fonos celulares
r3243a          byte    %8.0g      r3243a     tiene el hogar internet
r3243a1         byte    %8.0g      r3243a1    tiene el hogar internet mÃ³vil
r3244a          byte    %8.0g      r3244a     tiene el hogar cable
r3245a          byte    %8.0g      r3245a     tiene el hogar cable del vecino
r325            byte    %8.0g      r325       forma en la que se deshace de la
                                                basura
r325ot          byte    %8.0g                 otra forma en la que se deshace
                                                de la basura
r32601a         byte    %8.0g      r32601a    tiene el hogar radio
r32601b         byte    %8.0g                 nÃºmero de radios
r32602a         byte    %8.0g      r32602a    tiene el hogar equipo de sonido
r32602b         byte    %8.0g                 nÃºmero de equipos de sonido
r32603a         byte    %8.0g      r32603a    tiene el hogar televisor
r32603b         byte    %8.0g                 nÃºmero de televisores
r32604a         byte    %8.0g      r32604a    tiene el hogar video casetera o
                                                dvd
r32604b         byte    %8.0g                 nÃºmero de video caseteras o dvd
r32605a         byte    %8.0g      r32605a    tiene el hogar refrigeradora
r32605b         byte    %8.0g                 nÃºmero de refrigeradoras
r32606a         byte    %8.0g      r32606a    tiene el hogar lavadora
r32606b         byte    %8.0g                 nÃºmero de lavadoras
r32607a         byte    %8.0g      r32607a    tiene el hogar licuadora
r32607b         byte    %8.0g                 nÃºmero de licuadoras
r32608a         byte    %8.0g      r32608a    tiene el hogar ventilador
r32608b         byte    %8.0g                 nÃºmero de ventiladores
r32609a         byte    %8.0g      r32609a    tiene el hogar computadora
r32609b         byte    %8.0g                 nÃºmero de computadoras
r32610a         byte    %8.0g      r32610a    tiene el hogar secadora de ropa
r32610b         byte    %8.0g                 nÃºmero de secadoras de ropa
r32611a         byte    %8.0g      r32611a    tiene el hogar mÃ¡quina de coser
r32611b         byte    %8.0g                 nÃºmero de mÃ¡quinas de coser
r32612a         byte    %8.0g      r32612a    tiene el hogar vehÃ­culo (uso del
                                                hogar)
r32612b         byte    %8.0g                 nÃºmero de vehÃ­culos
r32613a         byte    %8.0g      r32613a    tiene el hogar plancha
r32613b         byte    %8.0g                 nÃºmero de planchas
r32614a         byte    %8.0g      r32614a    tiene el hogar horno microondas
r32614b         byte    %8.0g                 nÃºmero de hornos microondas
r32615a         byte    %8.0g      r32615a    tiene el hogar videojuegos
r32615b         byte    %8.0g                 nÃºmero de videojuegos
r32616a         byte    %8.0g      r32616a    tiene el hogar generador de
                                                electricidad
r32616b         byte    %8.0g                 nÃºmero de generadores de
                                                electricidad
r32617a         byte    %8.0g      r32617a    tiene el hogar aire acondicionado
r32617b         byte    %8.0g                 nÃºmero de aires acondicionados
r32618a         byte    %8.0g      r32618a    tiene el hogar tanque o cisterna
r32618b         byte    %8.0g                 nÃºmero de tanques o cisternas
r32619a         byte    %8.0g      r32619a    tiene el hogar motocicleta
r32619b         byte    %8.0g                 nÃºmero de motocicletas
r327            byte    %8.0g      r327       ha tenido algÃºn problema por
                                                corrientes de agua en la
                                                vivienda
r3281           byte    %8.0g      r3281      tuvo daÃ±os en la vivienda
r3282           byte    %8.0g      r3282      tuvo pÃ©rdida de muebles o enseres
r3283           byte    %8.0g      r3283      tuvo pÃ©rdida de alimentos
r3284           byte    %8.0g      r3284      tuvo pÃ©rdida de animales de
                                                granja
r3285           byte    %8.0g      r3285      tuvo lesiones a un miembro del
                                                hogar
r3286           byte    %8.0g      r3286      tuvo enfermedad en un miembro del
                                                hogar
r3287           byte    %8.0g      r3287      tuvo otros daÃ±os
r329            byte    %8.0g      r329       ha sufrido en la vivienda algÃºn
                                                derrumbe o alÃºd
r330            byte    %8.0g      r330       hay alguna cÃ¡rcava o quebrada que
                                                pueda afectar a la vivienda
r33101a         byte    %8.0g      r33101a    tipo de gasto en agua (servicio
                                                de anda)
r33101b         float   %9.0g                 gasto mensual en agua (servicio
                                                de anda)
r33101a1        byte    %8.0g      r33101a1   tipo de gasto en agua envasada
r33101b1        float   %9.0g                 gasto mensual en agua envasada
r33101a2        byte    %8.0g      r33101a2   tipo de gasto en agua (otras
                                                fuentes)
r33101b2        float   %9.0g                 gasto mensual en agua (otras
                                                fuentes)
r33102a         byte    %8.0g      r33102a    tipo de gasto en electricidad
r33102b         float   %9.0g                 gasto mensual en electricidad
r33103a         byte    %8.0g      r33103a    tipo de gasto en kerosene
r33103b         float   %9.0g                 gasto mensual en kerosene
r33104a         byte    %8.0g      r33104a    tipo de gasto en gas propano
r33104b         float   %9.0g                 gasto mensual en gas propano
r33105a         byte    %8.0g      r33105a    tipo de gasto en candela
r33105b         float   %9.0g                 gasto mensual en candela
r33106a         byte    %8.0g      r33106a    tipo de gasto en leÃ±a
r33106b         float   %9.0g                 gasto mensual en leÃ±a
r33107a         byte    %8.0g      r33107a    tipo de gasto en carga de baterÃ­a
r33107b         float   %9.0g                 gasto mensual en carga de baterÃ­a
r33108a         byte    %8.0g      r33108a    tipo de gasto en internet mÃ³vil
r33108b         float   %9.0g                 gasto mensual en internet mÃ³vil
r33109a         byte    %8.0g      r33109a    tipo de gasto en telÃ©fono fijo
r33109b         float   %9.0g                 gasto mensual en telÃ©fono fijo
r33110a         byte    %8.0g      r33110a    tipo de gasto en celular
r33110b         float   %9.0g                 gasto mensual en celular
r33111a         byte    %8.0g      r33111a    tipo de gasto en cable/cable del
                                                vecino
r33111b         float   %9.0g                 gasto mensual en cable/cable del
                                                vecino
r33112a         byte    %8.0g      r33112a    tipo de gasto en internet (hogar)
r33112b         float   %9.0g                 gasto mensual en internet (hogar)
r33113a         byte    %8.0g      r33113a    tipo de gasto en cibercafÃ©
r33113b         float   %9.0g                 gasto mensual en cibercafÃ©
r33114a         byte    %8.0g      r33114a    tipo de gasto en impuestos
                                                municipales
r33114b         float   %9.0g                 gasto mensual en impuestos
                                                municipales
r33115a         byte    %8.0g      r33115a    tipo de gasto en pago de
                                                vigilancia
r33115b         float   %9.0g                 gasto mensual en pago de
                                                vigilancia
r33116a         byte    %8.0g      r33116a    tipo de gasto en recolecciÃ³n de
                                                basura
r33116b         float   %9.0g                 gasto mensual en recolecciÃ³n de
                                                basura
r33117a         byte    %8.0g      r33117a    tipo de gasto en paquete de
                                                servicios
r33117b         float   %9.0g                 gasto mensual en paquete de
                                                servicios
r33118a         byte    %8.0g      r33118a    tipo de gasto en otro servicio
r33118b         float   %9.0g                 gasto mensual en otro servicio
r33118otr       byte    %8.0g                 otro servicio que recibe el hogar
r331total       float   %9.0g                 gasto mensual total en servicios
r402            byte    %8.0g                 nÃºmero de orden del informante
r403            byte    %8.0g      r403       realizÃ³ algÃºn trabajo la semana
                                                anterior
r404            byte    %8.0g      r404       realizÃ³ alguna actividad para
                                                obtener ingresos la semana
                                                anterior
r405            byte    %8.0g      r405       tiene algÃºn empleo fijo al que
                                                prÃ³ximamente volverÃ¡
r405b           byte    %8.0g      r405b      tiene algÃºn negocio, empresa o
                                                actividad propia a la que
                                                prÃ³ximamente volverÃ¡
r406            float   %9.0g      r406       razÃ³n por la que no trabajÃ³ la
                                                semana anterior
r4061           byte    %8.0g                 nÃºmero de semanas que dejÃ³ de
                                                trabajar
r4062           byte    %8.0g                 nÃºmero de dÃ­as que dejÃ³ de
                                                trabajar
r406a           byte    %8.0g      r406a      recibiÃ³ sueldo, salario o paga
                                                durante el perÃ­odo de ausencia
r406b           byte    %8.0g      r406b      tiempo en el que regresarÃ¡ al
                                                mismo trabajo
r407            byte    %8.0g      r407       buscÃ³ trabajo o tratÃ³ de
                                                establecer su propia empresa o
                                                negocio
r408            byte    %8.0g      r408       actividad que realizÃ³ para buscar
                                                trabajo o establecer su propia
                                                empresa o nego
r408otr         byte    %8.0g                 otra actividad que realizÃ³ para
                                                buscar trabajo o establecer su
                                                propia empresa o
r409            byte    %8.0g      r409       razÃ³n por la que no buscÃ³ trabajo
r409otr         byte    %8.0g                 otra razÃ³n por la que no buscÃ³
                                                trabajo
r409a           byte    %8.0g      r409a      hubiera estado dispuesto a
                                                trabajar si hubiera encontrado
                                                trabajo o conseguido c
r410            byte    %8.0g      r410       ha trabajado antes
r411a           byte    %8.0g                 horas (de lunes a viernes) que
                                                trabajÃ³ la semana anterior
r411b           byte    %8.0g                 dÃ­as (de lunes a viernes) que
                                                trabajÃ³ la semana anterior
r411c           byte    %8.0g      r411c      jornada (de lunes a viernes) que
                                                trabajÃ³ la semana anterior
r411d           byte    %8.0g                 horas (sÃ¡bado y domingo) que
                                                trabajÃ³ la semana anterior
r411e           byte    %8.0g                 dÃ­as (sÃ¡bado y domingo) que
                                                trabajÃ³ la semana anterior
r411f           byte    %8.0g      r411f      jornada (sÃ¡bado y domingo) que
                                                trabajÃ³ la semana anterior
r412a           byte    %8.0g                 horas (de lunes a viernes) que
                                                trabaja habitualmente a la
                                                semana
r412b           byte    %8.0g                 dÃ­as (de lunes a viernes) que
                                                trabaja habitualmente a la
                                                semana
r412c           byte    %8.0g      r412c      jornada (de lunes a viernes) que
                                                trabaja habitualmente a la
                                                semana
r412d           byte    %8.0g                 horas (sÃ¡bado y domingo) que
                                                trabaja habitualmente a la
                                                semana
r412e           byte    %8.0g                 dÃ­as (sÃ¡bado y domingo) que
                                                trabaja habitualmente a la
                                                semana
r412f           byte    %8.0g      r412f      jornada (sÃ¡bado y domingo) que
                                                trabaja habitualmente a la
                                                semana
r413            byte    %8.0g      r413       razÃ³n por la que trabaja menos de
                                                40 horas en la semana
r413otr         byte    %8.0g                 otra razÃ³n por la que trabaja
                                                menos de 40 horas
r413a           byte    %8.0g      r413a      razÃ³n por la que trabaja 40 horas
                                                o mÃ¡s en la semana
r413a_otr       byte    %8.0g                 otra razÃ³n por la que trabaja 40
                                                horas o mÃ¡s en la semana
r414            int     %8.0g                 cÃ³digo de la ocupaciÃ³n (ciuo 08)
r416            int     %8.0g                 cÃ³digo de la actividad econÃ³mica
                                                (ciiu rev. 4)
r414indicador   byte    %8.0g      r414indicador
                                              indicador de actividad
                                                agropecuaria
r417a01         byte    %8.0g      r417a01    en su empleo trabaja con
                                                herramientas peligrosas
r417a02         byte    %8.0g      r417a02    en su empleo trabaja con quÃ­micos
r417a03         byte    %8.0g      r417a03    en su empleo trabaja llevando
                                                cargas pesadas
r417a04         byte    %8.0g      r417a04    en su empleo trabaja en ambiente
                                                con gases, fuego
r417a05         byte    %8.0g      r417a05    en su empleo trabaja en ambiente
                                                con polvo, humo
r417a06         byte    %8.0g      r417a06    en su empleo trabaja con
                                                explosivos
r417a07         byte    %8.0g      r417a07    en su empleo trabaja en alturas
r417a08         byte    %8.0g      r417a08    en su empleo trabaja bajo el
                                                agua, en altamar o en manglares
r417a09         byte    %8.0g      r417a09    en su empleo trabaja bajo tierra
r417a10         byte    %8.0g      r417a10    en su empleo trabaja con
                                                temperaturas o humedad extrema
r417a11         byte    %8.0g      r417a11    en su empleo trabaja en ambiente
                                                bullicioso
r417a12         byte    %8.0g      r417a12    en su empleo trabaja con luz
                                                insuficiente
r417a13         byte    %8.0g      r417a13    en su empleo trabaja con mota u
                                                otras partÃ­culas
r417a14         byte    %8.0g      r417a14    en su empleo trabaja con alguna
                                                otra dificultad
r417a15         byte    %8.0g      r417a15    en su empleo trabaja con riesgo
                                                de accidentes graves
r417a16         byte    %8.0g      r417a16    en su empleo trabaja con
                                                agresiones verbales o amenazas
r417a14otr      byte    %8.0g                 otra dificultad con la cual
                                                trabaja
r417a           byte    %8.0g      r417a      le proveen de medidas o equipo de
                                                seguridad
r418            byte    %8.0g      r418       categorÃ­a ocupacional
r418tr          byte    %8.0g                 otra categorÃ­a ocupacional
r418a           byte    %8.0g      r418a      razÃ³n principal por la que no
                                                trabaja como asalariado
                                                permanente
r418a_otr       byte    %8.0g                 otra razÃ³n por la que no trabaja
                                                como asalariado permanente
r419            byte    %8.0g      r419       ha firmado contrato de trabajo
r419a           byte    %8.0g                 nÃºmero de meses de duraciÃ³n del
                                                contrato
r420            byte    %8.0g      r420       sector en el que trabaja
r420_otr        byte    %8.0g                 otro sector en el que trabaja
r421            int     %8.0g                 nÃºmero de personas de la empresa
                                                o negocio en el que trabaja
r422a           byte    %8.0g      r422a      cobertura del isss
r422b           byte    %8.0g      r422b      cobertura de bienestar
                                                magisterial
r422c           byte    %8.0g      r422c      cobertura del ipsfa
r422d           byte    %8.0g      r422d      cobertura de seguro de salud
                                                colectivo
r422e           byte    %8.0g      r422e      cobertura de seguro de salud
                                                privado
r422f           byte    %8.0g      r422f      cobertura de la afp
r422g           byte    %8.0g      r422g      cobertura del inpep
r423            byte    %8.0g      r423       periodicidad con la que recibe el
                                                sueldo o salario
r424            float   %9.0g                 sueldo o salario bruto que
                                                recibiÃ³ de acuerdo a la
                                                periodicidad
r424a           byte    %8.0g      r424a      le deducen del salario el
                                                impuesto sobre la renta
r42501a         float   %9.0g                 monto que recibe por pago de
                                                horas extras
r42501b         byte    %8.0g                 veces al aÃ±o que recibe pago de
                                                horas extras
r42502a         float   %9.0g                 monto que recibe por salario
                                                vacacional
r42502b         byte    %8.0g                 veces al aÃ±o que recibe salario
                                                vacacional
r42503a         float   %9.0g                 monto que recibe por aguinaldo
r42503b         byte    %8.0g                 veces al aÃ±o que recibe aguinaldo
r42504a         float   %9.0g                 monto que recibe por
                                                bonificaciones, comisiones,
                                                viÃ¡ticos
r42504b         byte    %8.0g                 veces al aÃ±o que recibe
                                                bonificaciones, comisiones,
                                                viÃ¡ticos
r42505a         float   %9.0g                 alimentos o refrigerios
r42505b         int     %8.0g                 veces al aÃ±o que recibe alimentos
                                                o refrigerios
r42506a         int     %8.0g                 monto que recibe por ropa,
                                                uniformes o calzado
r42506b         byte    %8.0g                 veces al aÃ±o que recibe ropa,
                                                uniformes o calzado
r42507a         int     %8.0g                 monto que recibe por mercaderÃ­as
                                                (en especie)
r42507b         byte    %8.0g                 veces al aÃ±o que recibe
                                                mercaderÃ­as (en especie)
r42508a         int     %8.0g                 monto que recibe por vivienda
r42508b         byte    %8.0g                 veces al aÃ±o que recibe vivienda
r42509a         float   %9.0g                 monto que recibe por transporte o
                                                combustible
r42509b         byte    %8.0g                 veces al aÃ±o que recibe
                                                transporte o combustible
r42510a         int     %8.0g                 monto que recibe por seguro
                                                privado de salud
r42510b         byte    %8.0g                 veces al aÃ±o que recibe seguro
                                                privado de salud
r42511a         int     %8.0g                 monto que recibe por propinas
r42511b         byte    %8.0g                 veces al aÃ±o que recibe propinas
r42512a         int     %8.0g                 monto que recibe por otro
                                                beneficio
r42512b         byte    %8.0g                 veces al aÃ±o que recibe otro
                                                beneficio
r42512ot        byte    %8.0g                 otro beneficio que recibe
r425a           byte    %8.0g      r425a      ha participado en algÃºn curso en
                                                la empresa o instituciÃ³n en la
                                                que trabaja
r425b           byte    %8.0g      r425b      la empresa o institucion en la
                                                que trabaja ha llevado a cabo
                                                una negociaciÃ³n co
r426            byte    %8.0g      r426       lugar en el que realiza la
                                                actividad
r426a           byte    %8.0g      r426a      lleva la empresa o instituciÃ³n
                                                contabilidad
r426b1          byte    %8.0g      r426b1     la empresa o instituciÃ³n estÃ¡
                                                registrada en las oficinas de
                                                impuestos
r426b2          byte    %8.0g      r426b2     la empresa o instituciÃ³n estÃ¡
                                                registrada en las oficinas de
                                                seguridad social
r427            byte    %8.0g      r427       periodicidad con la que recibe el
                                                ingreso del negocio
r428            float   %9.0g                 ingreso bruto recibido en el
                                                tiempo establecido
r429            float   %9.0g                 costo total erogado en el tiempo
                                                establecido
r430            byte    %8.0g      r430       utiliza productos para consumo
                                                propio de los bienes producidos
                                                por el negocio
r431            float   %9.0g                 monto de los productos del
                                                negocio utilizados para el
                                                consumo del hogar
r431a           byte    %8.0g      r431a      tipo de propiedad de la empresa o
                                                negocio donde trabaja
r431otr         byte    %8.0g                 otro tipo de propiedad de la
                                                empresa o negocio donde trabaja
r432            byte    %8.0g      r432       tiene una ocupaciÃ³n secundaria
r433            byte    %8.0g                 horas de trabajo semanales que
                                                dedica al empleo secundario
r434            float   %9.0g                 ingreso recibido por el empleo
                                                secundario
r43501a         byte    %8.0g                 monto que recibe por pago de
                                                horas extras
r43501b         byte    %8.0g                 veces al aÃ±o que recibe pago de
                                                horas extras
r43502a         byte    %8.0g                 monto que recibe por salario
                                                vacacional
r43502b         byte    %8.0g                 veces al aÃ±o que recibe salario
                                                vacacional
r43503a         int     %8.0g                 monto que recibe por aguinaldo
r43503b         byte    %8.0g                 veces al aÃ±o que recibe aguinaldo
r43504a         int     %8.0g                 monto que recibe por
                                                bonificaciones, comisiones,
                                                viÃ¡ticos
r43504b         byte    %8.0g                 veces al aÃ±o que recibe
                                                bonificaciones, comisiones,
                                                viÃ¡ticos
r43505a         float   %9.0g                 alimentos o refrigerios
r43505b         byte    %8.0g                 veces al aÃ±o que recibe alimentos
                                                o refrigerios
r43506a         int     %8.0g                 monto que recibe por ropa,
                                                uniformes o calzado
r43506b         byte    %8.0g                 veces al aÃ±o que recibe ropa,
                                                uniformes o calzado
r43507a         byte    %8.0g                 monto que recibe por mercaderÃ­as
                                                (en especie)
r43507b         byte    %8.0g                 veces al aÃ±o que recibe
                                                mercaderÃ­as (en especie)
r43508a         byte    %8.0g                 monto que recibe por vivienda
r43508b         byte    %8.0g                 veces al aÃ±o que recibe vivienda
r43509a         byte    %8.0g                 monto que recibe por transporte o
                                                combustible
r43509b         byte    %8.0g                 veces al aÃ±o que recibe
                                                transporte o combustible
r43510a         byte    %8.0g                 monto que recibe por seguro
                                                privado de salud
r43510b         byte    %8.0g                 veces al aÃ±o que recibe seguro
                                                privado de salud
r43511a         byte    %8.0g                 monto que recibe por propinas
r43511b         byte    %8.0g                 veces al aÃ±o que recibe propinas
r43512a         byte    %8.0g                 monto que recibe por otro
                                                beneficio
r43512b         byte    %8.0g                 veces al aÃ±o que recibe otro
                                                beneficio
r43512ot        byte    %8.0g                 otro beneficio que recibe
r436            int     %8.0g                 cÃ³digo de la ocupaciÃ³n secundaria
                                                (ciuo 08)
r438            int     %8.0g                 cÃ³digo de la actividad econÃ³mica
                                                secundaria (ciiu rev. 4)
r439            int     %8.0g                 nÃºmero de personas de la empresa
                                                o negocio en el que trabaja por
                                                empleo secunda
r440            byte    %8.0g      r440       categoria ocupacional de los
                                                cesantes
r440tr          byte    %8.0g                 otra categoria ocupacional de los
                                                cesantes
r441            byte    %8.0g      r441       habÃ­a firmado contrato de trabajo
                                                (cesantes)
r442            byte    %8.0g      r442       sector en el que trabajaba
                                                (cesantes)
r443            byte    %8.0g      r443       razÃ³n por la que dejÃ³ la
                                                ocupaciÃ³n anterior (cesantes)
r443otr         byte    %8.0g                 otra razÃ³n por la que dejÃ³ la
                                                ocupaciÃ³n anterior (cesantes)
r44401a         float   %9.0g                 monto que recibe por remesas del
                                                exterior
r44401b         byte    %8.0g                 veces al aÃ±o que recibe remesas
                                                del exterior
r44402a         float   %9.0g                 monto que recibe por ayuda de
                                                familiares que residen en el
                                                paÃ­s
r44402b         byte    %8.0g                 veces al aÃ±o que recibe ayuda de
                                                familiares que residen en el
                                                paÃ­s
r44403a         float   %9.0g                 monto que recibe por cuota
                                                alimenticia
r44403b         byte    %8.0g                 veces al aÃ±o que recibe cuota
                                                alimenticia
r44404a         int     %8.0g                 monto que recibe por alquiler de
                                                viviendas
r44404b         byte    %8.0g                 veces al aÃ±o que recibe alquiler
                                                de viviendas
r44405a         int     %8.0g                 monto que recibe por alquiler de
                                                negocios o mÃ¡quinas
r44405b         byte    %8.0g                 veces al aÃ±o que recibe alquiler
                                                de negocios o mÃ¡quinas
r44406a         int     %8.0g                 monto que recibe por alquiler de
                                                terrenos
r44406b         byte    %8.0g                 veces al aÃ±o que recibe alquiler
                                                de terrenos
r44407a         float   %9.0g                 monto que recibe por jubilaciÃ³n,
                                                pensiÃ³n de invalidez o vejez
r44407b         byte    %8.0g                 veces al aÃ±o que recibe
                                                jubilaciÃ³n, pensiÃ³n de
                                                invalidez o vejez
r44408a         int     %8.0g                 monto que recibe por depreciaciÃ³n
                                                de vehÃ­culos
r44408b         byte    %8.0g                 veces al aÃ±o que recibe
                                                depreciaciÃ³n de vehÃ­culos
r44409a         float   %9.0g                 monto que recibe por pensiÃ³n por
                                                sobrevivencia
r44409b         byte    %8.0g                 veces al aÃ±o que recibe pensiÃ³n
                                                por sobrevivencia
r44410a         int     %8.0g                 monto que recibe por ahorros
r44410b         byte    %8.0g                 veces al aÃ±o que recibe ahorros
r44411a         float   %9.0g                 monto que recibe por otros
                                                ingresos
r44411b         byte    %8.0g                 veces al aÃ±o que recibe otros
                                                ingresos
r44411ot        byte    %8.0g                 otros ingresos
r44501          int     %8.0g                 monto que recibe por utilidades
                                                empresariales
r44502          int     %8.0g                 monto que recibe por dividendos
                                                por acciones
r44503          int     %8.0g                 monto que recibe por intereses
r44504          int     %8.0g                 monto que recibe por herencias,
                                                loterÃ­as, juegos de azar
r44505          int     %8.0g                 monto que recibe por
                                                indemnizaciÃ³n por retiro o
                                                despido
r44506          int     %8.0g                 monto que recibe por ayuda del
                                                gobierno en efectivo
r44507          int     %8.0g                 monto que recibe por actividades
                                                eventuales
r44508          int     %8.0g                 monto que recibe por
                                                arrendamiento de tierras
r44509          int     %8.0g                 monto que recibe por remesas
                                                eventuales del exterior
r44510          int     %8.0g                 monto que recibe por remesas
                                                eventuales locales
r44511          int     %8.0g                 monto que recibe por aguinaldo
r44512          double  %10.0g                monto que recibe por otros
                                                ingresos
r44512ot        byte    %8.0g                 otros ingresos
r445a           byte    %8.0g                 edad a la que empezÃ³ a trabajar
r445b1          byte    %8.0g      r445b1     es miembro activo de una
                                                cooperativa
r445b2          byte    %8.0g      r445b2     es miembro activo de un sindicato
r445b3          byte    %8.0g      r445b3     es miembro activo de una
                                                asociaciÃ³n gremial
r445b4          byte    %8.0g      r445b4     es miembro activo de una
                                                asociaciÃ³n profesional
r445b5          byte    %8.0g      r445b5     es miembro activo de una
                                                asociaciÃ³n de empresas
r445b6          byte    %8.0g      r445b6     es miembro activo de alguna otra
                                                organizaciÃ³n
r445b6otr       byte    %8.0g                 otra organizaciÃ³n a la cual
                                                pertenece
r445c           byte    %8.0g      r445c      hay alguna Ã©poca del aÃ±o en que
                                                no se consigue trabajo
r445d           byte    %8.0g      r445d      perÃ­odo en el cual no se consigue
                                                trabajo
r445e           byte    %8.0g      r445e      perÃ­odo en el cual ha pasado sin
                                                poder trabajar contra su
                                                voluntad
r445fh1         byte    %8.0g                 horas dedicadas a cuidar, atender
                                                sin pago a niÃ±os
r445fh2         byte    %8.0g                 horas dedicadas a reparar o dar
                                                mantenimiento a la vivienda,
                                                muebles, aparatos d
r445fh3         byte    %8.0g                 horas dedicadas a realizar el
                                                quehacer del hogar
r445fh4         byte    %8.0g                 horas dedicadas a acarrear leÃ±a
r445fh5         byte    %8.0g                 horas dedicadas a acarrear agua
r445fm1         byte    %8.0g                 minutos dedicadas a cuidar,
                                                atender sin pago a niÃ±os
r445fm2         byte    %8.0g                 minutos dedicadas a reparar o dar
                                                mantenimiento a la vivienda,
                                                muebles, aparatos
r445fm3         byte    %8.0g                 minutos dedicadas a realizar el
                                                quehacer del hogar
r445fm4         byte    %8.0g                 minutos dedicadas a acarrear leÃ±a
r445fm5         byte    %8.0g                 minutos dedicadas a acarrear agua
r44601          byte    %8.0g      r44601     desayunÃ³ fuera del hogar
r44602          byte    %8.0g      r44602     almorzÃ³ fuera del hogar
r44603          byte    %8.0g      r44603     cenÃ³ fuera del hogar
r44604          byte    %8.0g      r44604     tuvo refrigerio fuera del hogar
r44605          byte    %8.0g      r44605     tuvo otro gasto fuera del hogar
                                                en alimentaciÃ³n
r44605ot        byte    %8.0g                 otro gasto fuera del hogar en
                                                alimentaciÃ³n
r44701          byte    %8.0g                 veces a la semana que gastÃ³ en
                                                desayuno
r44702          byte    %8.0g                 veces a la semana que gastÃ³ en
                                                almuerzo
r44703          byte    %8.0g                 veces a la semana que gastÃ³ en
                                                cena
r44704          byte    %8.0g                 veces a la semana que gastÃ³ en
                                                refrigerio
r44705          byte    %8.0g                 veces a la semana que gastÃ³ en
                                                otro gasto fuera del hogar en
                                                alimentaciÃ³n
r44801          float   %9.0g                 monto gastado por dÃ­a en desayuno
r44802          float   %9.0g                 monto gastado por dÃ­a en almuerzo
r44803          float   %9.0g                 monto gastado por dÃ­a en cena
r44804          float   %9.0g                 monto gastado por dÃ­a en
                                                refrigerio
r44805          float   %9.0g                 monto gastado por dÃ­a en otro
                                                gasto fuera del hogar en
                                                alimentaciÃ³n
r44901          byte    %8.0g      r44901     utilizÃ³ transporte pÃºblico
r44902          byte    %8.0g      r44902     utilizÃ³ telÃ©fono pÃºblico
r44903          byte    %8.0g      r44903     utilizÃ³ combustible, reparaciÃ³n
                                                de vehÃ­culo
r44904          byte    %8.0g      r44904     utilizÃ³ hospedaje
r45001          byte    %8.0g                 veces a la semana que utilizÃ³
                                                transporte pÃºblico
r45002          byte    %8.0g                 veces a la semana que utilizÃ³
                                                telÃ©fono pÃºblico
r45003          byte    %8.0g                 veces a la semana que utilizÃ³
                                                combustible, reparaciÃ³n de
                                                vehÃ­culo
r45004          byte    %8.0g                 veces a la semana que utilizÃ³
                                                hospedaje
r45101          float   %9.0g                 monto gastado por dÃ­a en
                                                transporte pÃºblico
r45102          byte    %8.0g                 monto gastado por dÃ­a en telÃ©fono
                                                pÃºblico
r45103          float   %9.0g                 monto gastado por dÃ­a en
                                                combustible, reparaciÃ³n de
                                                vehÃ­culo
r45104          float   %9.0g                 monto gastado por dÃ­a en
                                                hospedaje
r452a           byte    %8.0g      r452a      tuvo en posesiÃ³n tierra con
                                                vocaciÃ³n agropecuaria
r452b           float   %9.0g                 nÃºmero de manzanas con vocaciÃ³n
                                                agropecuaria
r453            byte    %8.0g      r453       ha realizado actividades
                                                agropecuarias como patrono o
                                                cuenta propia
r502            byte    %8.0g                 nÃºmero de orden del informante
r503a           byte    %8.0g      r503a      forma de tenencia de la tierra
r503a1          byte    %8.0g                 nÃºmero de orden del propietario
                                                de la tierra
r503b           byte    %8.0g      r503b      forma secundaria de tenencia de
                                                la tierra
r503aotr        byte    %8.0g                 otra forma de tenencia de la
                                                tierra
r5031           byte    %8.0g      r5031      tiene tÃ­tulo de propiedad
                                                inscrito en el centro nacional
                                                de registro
r5032           byte    %8.0g      r5032      se siente seguro de la propiedad
                                                de la tierra
r5033           byte    %8.0g      r5033      persona que reclamarÃ­a la tierra
r5033otr        byte    %8.0g                 otra persona que reclamarÃ­a la
                                                tierra
r504            float   %9.0g                 superficie total en manzanas de
                                                explotaciÃ³n agropecuaria
r5051           float   %9.0g                 superficie con cultivo
r5052           float   %9.0g                 superficie con pastos naturales
r5053           float   %9.0g                 superficie en descanso
r5054           float   %9.0g                 superficie con bosque o
                                                matorrales
r5055           float   %9.0g                 superficie dada en arrendamiento
r5056           float   %9.0g                 superficie con infraestructura
                                                bajo techo
r5057           float   %9.0g                 superficie con otro tipo de
                                                infraestructura
r5057a          byte    %8.0g                 sin tierra (pecuario)
r5058           float   %9.0g                 superficie con otro tipo de
                                                estructura
r50508ot        byte    %8.0g                 otro tipo de estructura
r506            byte    %8.0g      r506       tipo de actividad agropecuaria
r506b           byte    %8.0g                 nÃºmero de niÃ±os de 5 a 17 aÃ±os
                                                del hogar que participan en la
                                                actividad agrop
r507            byte    %8.0g      r507       solicitÃ³ crÃ©dito para la
                                                actividad agropecuaria
r508            byte    %8.0g      r508       obtuvo el crÃ©dito solicitado
r509            byte    %8.0g      r509       entidad a la que solicitÃ³ el
                                                crÃ©dito
r509otr         byte    %8.0g                 otra entidad a la que solicitÃ³ el
                                                crÃ©dito
r510            double  %10.0g                ingreso bruto de la producciÃ³n
                                                agropecuaria
r511            double  %10.0g                costo total de la producciÃ³n
                                                agropecuaria
r512            byte    %8.0g      r512       realizÃ³ actividades agropecuarias
                                                en el patio de la vivienda
r513a           byte    %8.0g                 metros cuadrados dedicados a
                                                granos en el patio
r513b           byte    %8.0g                 metros cuadrados dedicados a
                                                hortalizas en el patio
r513c           byte    %8.0g                 nÃºmero de Ã¡rboles frutales en el
                                                patio
r513d           byte    %8.0g                 nÃºmero de animales en el patio
r514            byte    %8.0g      r514       utilizÃ³ esta producciÃ³n para
                                                comsumo o comercializaciÃ³n
r515a           float   %9.0g                 monto estimado para autoconsumo
r515b           int     %8.0g                 monto estimado para
                                                comercializaciÃ³n
r601            byte    %8.0g      r601       tipo de seguro mÃ©dico
r601otr         byte    %8.0g                 otro tipo de seguro mÃ©dico
r602            byte    %8.0g      r602       sÃ­ntoma, enfermedad o lesiÃ³n mÃ¡s
                                                reciente que tuvo el mes
                                                anterior
r602otr         byte    %8.0g                 otro sÃ­ntoma, enfermedad o lesiÃ³n
                                                mÃ¡s reciente que tuvo el mes
                                                anterior
r603            byte    %8.0g      r603       persona a la que consultÃ³
r604            byte    %8.0g      r604       lugar en el que consultÃ³
r604otr         byte    %8.0g                 otro lugar en el que consultÃ³
r6051a          byte    %8.0g      r6051a     tuvo consulta mÃ©dica
r6052a          float   %9.0g                 monto gastado en consulta mÃ©dica
r6053a          byte    %8.0g      r6053a     instituciÃ³n que cubriÃ³ la
                                                consulta mÃ©dica
r6053a_otr      byte    %8.0g                 otra instituciÃ³n que cubriÃ³ la
                                                consulta mÃ©dica
r6051b          byte    %8.0g      r6051b     tuvo anÃ¡lisis de laboratorio
r6052b          float   %9.0g                 monto gastado en anÃ¡lisis de
                                                laboratorio
r6053b          byte    %8.0g      r6053b     instituciÃ³n que cubriÃ³ los
                                                anÃ¡lisis de laboratorio
r6053b_otr      byte    %8.0g                 otra instituciÃ³n que cubriÃ³ los
                                                anÃ¡lisis de laboratorio
r6051c          byte    %8.0g      r6051c     tuvo rayos x
r6052c          int     %8.0g                 monto gastado en rayos x
r6053c          byte    %8.0g      r6053c     instituciÃ³n que cubriÃ³ los rayos
                                                x
r6053c_otr      byte    %8.0g                 otra instituciÃ³n que cubriÃ³ los
                                                rayos x
r6051d          byte    %8.0g      r6051d     tuvo otros exÃ¡menes
r6052d          float   %9.0g                 monto gastado en otros exÃ¡menes
r6053d          byte    %8.0g      r6053d     instituciÃ³n que cubriÃ³ los otros
                                                exÃ¡menes
r6053d_otr      byte    %8.0g                 otra instituciÃ³n que cubriÃ³ los
                                                otros exÃ¡menes
r606            byte    %8.0g      r606       estudo hospitalizado
r607            byte    %8.0g      r607       lugar en el que estuvo
                                                hospitalizado
r607otr         byte    %8.0g                 otro lugar en el que estuvo
                                                hospitalizado
r608            byte    %8.0g                 dÃ­as que estuvo hospitalizado
r6091a          byte    %8.0g      r6091a     tuvo hospitalizaciÃ³n
r6092a          float   %9.0g                 monto gastado en hospitalizaciÃ³n
r6093a          byte    %8.0g      r6093a     instituciÃ³n que cubriÃ³ la
                                                hospitalizaciÃ³n
r6094aotr       byte    %8.0g                 otra instituciÃ³n que cubriÃ³ la
                                                hospitalizaciÃ³n
r6093b          byte    %8.0g      r6093b     tuvo medicamentos
r6091b          int     %8.0g                 monto gastado en medicamentos
r6092b          byte    %8.0g      r6092b     instituciÃ³n que cubriÃ³ los
                                                medicamentos
r6094botr       byte    %8.0g                 otra instituciÃ³n que cubriÃ³ los
                                                medicamentos
r6091c          byte    %8.0g      r6091c     tuvo exÃ¡menes de laboratorio,
                                                rayos x y otros gastos
r6092c          int     %8.0g                 monto gastado en exÃ¡menes de
                                                laboratorio, rayos x y otros
                                                gastos
r6093c          byte    %8.0g      r6093c     instituciÃ³n que cubriÃ³ los
                                                exÃ¡menes de laboratorio, rayos
                                                x y otros gastos
r6094cotr       byte    %8.0g                 otra instituciÃ³n que cubriÃ³ los
                                                exÃ¡menes de laboratorio, rayos
                                                x y otros gast
r6101           byte    %8.0g      r6101      obtuvo medicinas
r6102           float   %9.0g                 monto gasto en medicinas
r6103           byte    %8.0g      r6103      instituciÃ³n que cubriÃ³ las
                                                medicinas
r610otr         byte    %8.0g                 otra institucion que cubriÃ³ las
                                                medicinas
r611            byte    %8.0g      r611       razÃ³n por la que no consultÃ³ al
                                                sistema de salud pÃºblica
r611otr         byte    %8.0g                 otra razÃ³n por la que no consultÃ³
                                                al sistema de salud pÃºblica
r612            byte    %8.0g      r612       lugar al que acudirÃ­a si algÃºn
                                                miembro del hogar se enfermara
r612otr         byte    %8.0g                 otro lugar al que acudirÃ­a si
                                                algÃºn miembro del hogar se
                                                enfermara
r613            byte    %8.0g      r613       razÃ³n por la que no asistirÃ­a a
                                                un centro del sistema de salud
                                                pÃºblica
r613otr         byte    %8.0g                 otra razÃ³n por la que no
                                                asistirÃ­a a un centro del
                                                sistema de salud pÃºblica
r701            byte    %8.0g                 nÃºmero de orden del informante
r702a           byte    %8.0g      r702a      tiene el hogar algÃºn miembro que
                                                fue parte del hogar en el
                                                extranjero
r703            byte    %8.0g      r703       recibe remesas en efectivo o en
                                                especie de forma regular o
                                                eventual
r7041a          int     %8.0g                 monto recibido en efectivo
r7043a          byte    %8.0g      r7043a     periodicidad de lo recibido en
                                                efectivo
r7043aotr       byte    %8.0g                 otra periodicidad de lo recibido
                                                en efectivo
r7041b          float   %9.0g                 monto recibido a travÃ©s de
                                                transferencias bancarias
r7042b          byte    %8.0g      r7042b     periodicidad de lo recibido a
                                                travÃ©s de transferencias
                                                bancarias
r7042botr       byte    %8.0g                 otra periodicidad de lo recibido
                                                a travÃ©s de transferencias
                                                bancarias
r70501a         int     %8.0g                 monto eventual destinado a
                                                consumo
r70501b         float   %9.0g                 monto en divisas destinado a
                                                consumo
r70502a         int     %8.0g                 monto eventual destinado a
                                                vivienda
r70502b         float   %9.0g                 monto en divisas destinado a
                                                vivienda
r70503a         byte    %8.0g                 monto eventual destinado a cuota
                                                de alquiler de vivienda
r70503b         int     %8.0g                 monto en divisas destinado a
                                                cuota de alquiler de vivienda
r70504a         int     %8.0g                 monto eventual destinado a compra
                                                de vivienda
r70504b         int     %8.0g                 monto en divisas destinado a
                                                compra de vivienda
r70505a         int     %8.0g                 monto eventual destinado a
                                                negocio
r70505b         float   %9.0g                 monto en divisas destinado a
                                                negocio
r70506a         int     %8.0g                 monto eventual destinado a gastos
                                                mÃ©dicos permanentes
r70506b         int     %8.0g                 monto en divisas destinado a
                                                gastos mÃ©dicos permanentes
r70507a         int     %8.0g                 monto eventual destinado a gastos
                                                mÃ©dicos de internaciÃ³n
r70507b         int     %8.0g                 monto en divisas destinado a
                                                gastos mÃ©dicos de internaciÃ³n
r70508a         int     %8.0g                 monto eventual destinado a otros
                                                gastos mÃ©dicos permanentes
r70508b         float   %9.0g                 monto en divisas destinado a
                                                otros gastos mÃ©dicos
                                                permanentes
r70509a         int     %8.0g                 monto eventual destinado a gastos
                                                mÃ©dicos eventuales
r70509b         int     %8.0g                 monto en divisas destinado a
                                                gastos mÃ©dicos eventuales
r70510a         int     %8.0g                 monto eventual destinado a otros
                                                gastos mÃ©dicos eventuales
r70510b         int     %8.0g                 monto en divisas destinado a
                                                otros gastos mÃ©dicos eventuales
r70511a         int     %8.0g                 monto eventual destinado a gastos
                                                en educaciÃ³n
r70511b         float   %9.0g                 monto en divisas destinado a
                                                gastos en educaciÃ³n
r70512a         int     %8.0g                 monto eventual destinado a compra
                                                de insumos agrÃ­colas
r70512b         int     %8.0g                 monto en divisas destinado a
                                                compra de insumos agrÃ­colas
r70513a         int     %8.0g                 monto eventual destinado a
                                                inversiÃ³n con fines turÃ­sticos
r70513b         byte    %8.0g                 monto en divisas destinado a
                                                inversiÃ³n con fines turÃ­sticos
r70514a         int     %8.0g                 monto eventual destinado a pago
                                                de compromisos de miembros que
                                                viven en el extra
r70514b         int     %8.0g                 monto en divisas destinado a pago
                                                de compromisos de miembros que
                                                viven en el ext
r70515a         byte    %8.0g                 monto eventual destinado a ahorro
r70515b         int     %8.0g                 monto en divisas destinado a
                                                ahorro
r70516a         int     %8.0g                 monto eventual destinado a otros
                                                gastos
r70516b         int     %8.0g                 monto en divisas destinado a
                                                otros gastos
r70516ot        byte    %8.0g                 otros gastos
r706            byte    %8.0g      r706       recibio ayuda en especie
r706e           int     %8.0g                 monto estimado de la ayuda en
                                                especie
r901            byte    %8.0g      r901       hogar beneficiado con la pensiÃ³n
                                                bÃ¡sica universal
r902            byte    %8.0g      r902       periodicidad con la que recibe la
                                                pensiÃ³n bÃ¡sica universal
r902otr         byte    %8.0g                 otra periodicidad con la que
                                                recibe la pensiÃ³n bÃ¡sica
                                                universal
r903            long    %12.0g     r903       monto recibido por la pensiÃ³n
                                                bÃ¡sica universal
r904            byte    %8.0g      r904       hogar beneficiado con el paquete
                                                escolar
r905            double  %10.0g                monto estimado para el paquete
                                                escolar
r906            byte    %8.0g      r906       hogar beneficiado con el programa
                                                de alimentaciÃ³n y salud escolar
r907a           byte    %8.0g      r907a      periodicidad con la que recibe el
                                                programa de alimentaciÃ³n
                                                escolar
r907b           byte    %8.0g      r907b      periodicidad con la que recibe el
                                                programa de salud escolar
r908a           double  %10.0g                monto estimado del programa de
                                                alimentaciÃ³n escolar
r908b           double  %10.0g                monto estimado del programa de
                                                salud escolar
r909            byte    %8.0g      r909       hogar beneficiado con al paquete
                                                de semilla mejorada
r910            byte    %8.0g      r910       periodicidad con la que recibe el
                                                paquete de semilla mejorada
r910otr         byte    %8.0g                 otra periodicidad con la que
                                                recibe el paquete de semilla
                                                mejorada
r911            double  %10.0g     r911       monto estimado del paquete de
                                                semilla mejorada
r912            byte    %8.0g      r912       hogar beneficiado con becas para
                                                educaciÃ³n formal o formaciÃ³n
                                                tÃ©cnica
r913            int     %8.0g                 monto estimado de las becas para
                                                educaciÃ³n formal o formaciÃ³n
                                                tÃ©cnica
r914            byte    %8.0g      r914       hogar beneficiado con el programa
                                                temporal al ingreso (pati)
r915            byte    %8.0g      r915       periodicidad con la que recibe el
                                                programa temporal al ingreso
                                                (pati)
r915otr         byte    %8.0g                 otra periodicidad con la que
                                                recibe el programa temporal al
                                                ingreso (pati)
r916            byte    %8.0g      r916       monto recibido por el programa
                                                temporal al ingreso (pati)
r917            byte    %8.0g      r917       hogar beneficiado con los bonos
                                                comunidades solidarias rurales
r918            byte    %8.0g      r918       periodicidad con la que recibe
                                                los bonos comunidades
                                                solidarias rurales
r918otr         byte    %8.0g                 otra periodicidad con la que
                                                recibe los bonos comunidades
                                                solidarias rurales
r919            int     %8.0g      r919       monto recibido por los bonos
                                                comunidades solidarias rurales
r920            byte    %8.0g      r920       hogar beneficiado con los bonos
                                                comunidades solidarias urbanas
r921            byte    %8.0g      r921       periodicidad con la que recibe
                                                los bonos comunidades
                                                solidarias urbanas
r921otr         byte    %8.0g                 otra periodicidad con la que
                                                recibe los bonos comunidades
                                                solidarias urbanas
r922            int     %8.0g      r922       monto recibido por los bonos
                                                comunidades solidarias urbanas
r923            byte    %8.0g      r923       compra gas licuado de petrÃ³leo
                                                (glp)
r924            byte    %8.0g      r924       periodicidad con la que compra
                                                gas licuado de petrÃ³leo (glp)
r924otros       byte    %8.0g                 otra periodicidad con la que
                                                compra gas licuado de petrÃ³leo
                                                (glp)
r924_dias       int     %8.0g                 cantidad de dÃ­as en que el hogar
                                                consume el cilindro del glp
r925            byte    %8.0g      r925       recibe el hogar subsidio de gas
r9260101        byte    %8.0g      r9260101   destina el hogar la ayuda que
                                                recibe a consumo
r9260102        byte    %8.0g      r9260102   destina el hogar la ayuda que
                                                recibe a vivienda
r9260103        byte    %8.0g      r9260103   destina el hogar la ayuda que
                                                recibe a negocio
r9260104        byte    %8.0g      r9260104   destina el hogar la ayuda que
                                                recibe a gastos mÃ©dicos
r9260105        byte    %8.0g      r9260105   destina el hogar la ayuda que
                                                recibe a gastos en educaciÃ³n
r9260106        byte    %8.0g      r9260106   destina el hogar la ayuda que
                                                recibe a ahorro
r9260107        byte    %8.0g      r9260107   destina el hogar la ayuda que
                                                recibe a otros gastos
r9260107_otros  byte    %8.0g                 otros gastos
r927            byte    %8.0g      r927       uso del hogar del transporte
                                                colectivo
r927a           byte    %8.0g                 nÃºmero de miembros que utilizaron
                                                el transporte colectivo
r927b           float   %9.0g                 monto gastado en el transporte
                                                colectivo
r9280101        byte    %8.0g      r9280101   el subsidio del gas beneficia al
                                                hogar
r9280102        byte    %8.0g      r9280102   el subsidio del gas tiene un
                                                monto adecuado
r9280103        byte    %8.0g      r9280103   el subsidio del gas tiene un
                                                mecanismo de entrega eficiente
r9280104        byte    %8.0g      r9280104   el subsidio del gas lo estÃ¡n
                                                recibiendo los hogares que lo
                                                necesitan
r9280105        byte    %8.0g      r9280105   tiene otra opiniÃ³n sobre el
                                                subsidio del gas
r9280105_otr    byte    %8.0g                 otra opiniÃ³n sobre el subsidio
                                                del gas
r929            int     %8.0g                 valor anual de otros programas
                                                sociales
r1002a          byte    %8.0g      r1002a     utiliza telÃ©fono celular
r1002b          byte    %8.0g      r1002b     utiliza computadora
r1003           byte    %8.0g      r1003      utiliza internet
r1004           byte    %8.0g      r1004      lugar principal en el que utilizÃ³
                                                internet
r1004otr        byte    %8.0g                 otro lugar en el que utilizÃ³
                                                internet
r1005           byte    %8.0g      r1005      frecuencia con la que utilizÃ³
                                                internet
r1006a          byte    %8.0g      r1006a     conoce el nÃºmero de horas que
                                                utilizÃ³ internet
r1006b          byte    %8.0g                 nÃºmero de horas que utilizÃ³
                                                internet
r1007           byte    %8.0g      r1007      finalidad para la que utilizÃ³
                                                internet
r039            byte    %8.0g      r039       hogar con secciÃ³n de pobreza
                                                multidimensional
r1101           byte    %8.0g      r1101      elcsa adultos 1
r1102           byte    %8.0g      r1102      elcsa adultos 2
r1103           byte    %8.0g      r1103      elcsa adultos 3
r1104           byte    %8.0g      r1104      elcsa adultos 4
r1105           byte    %8.0g      r1105      elcsa adultos 5
r1106           byte    %8.0g      r1106      elcsa adultos 6
r1107           byte    %8.0g      r1107      elcsa adultos 7
r1108           byte    %8.0g      r1108      elcsa adultos 8
r1109           byte    %8.0g      r1109      elcsa menores 1
r1110           byte    %8.0g      r1110      elcsa menores 2
r1111           byte    %8.0g      r1111      elcsa menores 3
r1112           byte    %8.0g      r1112      elcsa menores 4
r1113           byte    %8.0g      r1113      elcsa menores 5
r1114           byte    %8.0g      r1114      elcsa menores 6
r1115           byte    %8.0g      r1115      elcsa menores 7
control1116     byte    %8.0g      control1116
                                              control de preguntas 1116 a 1118
r1116_01        byte    %8.0g      r1116_01   hay en la comunidad cancha
                                                deportiva
r1116_02        byte    %8.0g      r1116_02   hay en la comunidad parque o zona
                                                verde
r1116_03        byte    %8.0g      r1116_03   hay en la comunidad Ã¡reas de
                                                juegos para niÃ±os
r1116_04        byte    %8.0g      r1116_04   hay en la comunidad casa comunal
r1116_05        byte    %8.0g      r1116_05   hay en la comunidad otro espacio
                                                recreativo
r1116_05otr     byte    %8.0g                 otro espacio recreativo
r1117_01        byte    %8.0g      r1117_01   utiliza el hogar la cancha
                                                deportiva
r1117_02        byte    %8.0g      r1117_02   utiliza el hogar el parque o zona
                                                verde
r1117_03        byte    %8.0g      r1117_03   utiliza el hogar las Ã¡reas de
                                                juegos para niÃ±os
r1117_04        byte    %8.0g      r1117_04   utiliza el hogar la casa comunal
r1117_05        byte    %8.0g      r1117_05   utiliza el hogar este espacio
                                                recreativo
r1118_01        byte    %8.0g      r1118_01   razÃ³n por la que el hogar no
                                                utiliza la cancha deportiva
r1118_02        byte    %8.0g      r1118_02   razÃ³n por la que el hogar no
                                                utiliza el parque o zona verde
r1118_03        byte    %8.0g      r1118_03   razÃ³n por la que el hogar no
                                                utiliza las Ã¡reas de juegos
                                                para niÃ±os
r1118_04        byte    %8.0g      r1118_04   razÃ³n por la que el hogar no
                                                utiliza la casa comunal
r1118_05        byte    %8.0g      r1118_05   razÃ³n por la que el hogar no
                                                utiliza este espacio recreativo
r1118_otr_01    byte    %8.0g                 otra razÃ³n por la que el hogar no
                                                utiliza la cancha deportiva
r1118_otr_02    byte    %8.0g                 otra razÃ³n por la que el hogar no
                                                utiliza el parque o zona verde
r1118_otr_03    byte    %8.0g                 otra razÃ³n por la que el hogar no
                                                utiliza las Ã¡reas de juegos
                                                para niÃ±os
r1118_otr_04    byte    %8.0g                 otra razÃ³n por la que el hogar no
                                                utiliza la casa comunal
r1118_otr_05    byte    %8.0g                 otra razÃ³n por la que el hogar no
                                                utiliza este espacio recreativo
control1119     byte    %8.0g      control1119
                                              control de pregunta 1119
r1119_1         byte    %8.0g      r1119_1    alguien entrÃ³ a la casa sin
                                                permiso y robÃ³ o intentÃ³ robar
                                                algo
r1119_2         byte    %8.0g      r1119_2    fue vÃ­ctima de asalto en la
                                                calle, autobÃºs, negocio u otro
                                                lugar
r1119_3         byte    %8.0g      r1119_3    fue vÃ­ctima de robo de vehÃ­culo
r1119_4         byte    %8.0g      r1119_4    tuvo daÃ±o a la propiedad,
                                                incluyendo grafitis o rayones
                                                en vehÃ­culos
r1119_5         byte    %8.0g      r1119_5    fue vÃ­ctima de engaÃ±o o estafa
r1119_6         byte    %8.0g      r1119_6    fue vÃ­ctima de extorsiÃ³n
r1119_7         byte    %8.0g      r1119_7    fue vÃ­ctima de amenazas
r1119_8         byte    %8.0g      r1119_8    fue vÃ­ctima de lesiones fÃ­sicas
r1119_9         byte    %8.0g      r1119_9    fue vÃ­ctima de secuestro
r1119_10        byte    %8.0g      r1119_10   fue vÃ­ctima de ataque sexual o
                                                violaciÃ³n (incluyendo intento)
r1119_11        byte    %8.0g      r1119_11   fue vÃ­ctima de algÃºn otro ilÃ­cito
r1119_11_otr    byte    %8.0g                 otro ilÃ­cito
control1120     byte    %8.0g      control1120
                                              control de pregunta 1120
r1120_1         byte    %8.0g      r1120_1    pueden salir de noche en la
                                                comunidad
r1120_2         byte    %8.0g      r1120_2    pueden tener un negocio en la
                                                comunidad
r1120_3         byte    %8.0g      r1120_3    pueden dejar sola la casa en la
                                                comunidad
r1120_4         byte    %8.0g      r1120_4    pueden dejar salir a los niÃ±os a
                                                jugar en la comunidad
r1120_5         byte    %8.0g      r1120_5    pueden las mujeres transitar con
                                                libertad en la comunidad
-------------------------------------------------------------------------------
Sorted by: 
"
